{"cameraMode":{"drawMode":0,"name":"Shaded","section":"Shading Mode"},"sceneLighting":true,"audioPlay":false,"sceneViewState":{"showFog":true,"showMaterialUpdate":false,"showSkybox":true,"showFlares":true,"showImageEffects":true,"showParticleSystems":true},"in2DMode":false,"pivot":{"x":223.60000610351563,"y":1.0848500728607178,"z":-41.900001525878909},"rotation":{"x":-0.09155049920082092,"y":0.3469694256782532,"z":-0.03399290144443512,"w":-0.932811975479126},"size":37.7295036315918,"orthographic":false}