{"cameraMode":{"drawMode":0,"name":"Shaded","section":"Shading Mode"},"sceneLighting":true,"audioPlay":false,"sceneViewState":{"showFog":true,"showMaterialUpdate":false,"showSkybox":false,"showFlares":true,"showImageEffects":true,"showParticleSystems":true},"in2DMode":false,"pivot":{"x":188.82374572753907,"y":107.74592590332031,"z":20.194547653198243},"rotation":{"x":-0.015103156678378582,"y":0.9244978427886963,"z":-0.036285702139139178,"w":-0.3793490529060364},"size":12.577183723449707,"orthographic":false}