{"cameraMode":{"drawMode":0,"name":"Shaded","section":"Shading Mode"},"sceneLighting":true,"audioPlay":false,"sceneViewState":{"showFog":true,"showMaterialUpdate":false,"showSkybox":true,"showFlares":true,"showImageEffects":true,"showParticleSystems":true},"in2DMode":false,"pivot":{"x":136.0527801513672,"y":19.96609115600586,"z":-103.44548034667969},"rotation":{"x":0.0001028166661853902,"y":0.9931939840316773,"z":-0.11704958975315094,"w":0.0021160682663321497},"size":208.1208953857422,"orthographic":false}